-- ROLES
INSERT INTO Role (roleID,role) VALUES
(1,'admin'),
(2,'client');


-- CATEGORY
INSERT INTO Category (categoryID,category) VALUES
(1,'poster'),
(2,'photo'),
(3,'postcard');


-- THEME
INSERT INTO Theme (themeID,theme) VALUES
(1,'animal'),
(2,'architecture'),
(3,'bauhaus'),
(4,'maps'),
(5,'blueprints'),
(6,'vintage');


-- SPACE
INSERT INTO Space (spaceID,space) VALUES
(1,'home'),
(2,'office'),
(3,'museum'),
(4,'professionals');


-- USERS
INSERT INTO User (userID,firstName,lastName,email,password,avatar,roleID) VALUES
(4,'di','do','a@hgu.com','hjk','/images/users/a3sbrk17lns329ghpxhgzjg5y.jpeg',2),
(5,'tesing','testing','testing@test.com','qwerty','/images/users/yf6lqn08wwdna5a0xfc1u4b52.png',2),
(6,'Alicia','Wonderland','alice3@alice.com','$2b$10$7wNr8t.yi7oK3Q1uvdn6Fu2JGOnJqFelIOdhZco0M8VsDkzCKEkBq','/images/users/hemf5dpeghmd1oau1typi10yq.png',2),
(7,'Alicia2','al','alice2@alice.com','$2b$10$yBJ/uS6Bbzkq4OmbLamPauz8/KPlyorSx3aptKM.6e8rXxU3J5MVG','/images/users/tyawdw6iwia5x26aqii7h9l6i.png',2),
(9,'qsqw','wqd','alice4@alice.com','$2b$10$ZQa1Kr.xx5XRxFBa4y/1DOcNEzjQ3k0cT48nrMiPMWhu7IJDF.5uy','/images/users/jhfb1irl9k6axliry0zut5cxv.png',2),
(10,'jo','to','jo@jo.com','$2b$10$LXU6M188ZD.BmjKiZOaZQuo3QLNnyzepTkX9vI86FzIPilGd3eKjS','/images/users/v5tgz7scvahj7bxce67gmvs6f.png',1),
(11,'client','to','to@to.com','$2b$10$F3fCrJom1z4CYhmXRtDgc.f9..IagDZI9jnnG06GyNtZr0It.FMyq','/images/users/g9i5bwhjggde5n8ah86g8gvaf.png',2);


-- PRODUCTS 
INSERT INTO Product (productID,title,price,categoryID,coverImage,secundaryImage) VALUES
(2,'Bauhaus 7',9,1,'images/products/bauhaus-7-afiche-bauhaus-slide.webp','images/products/bauhaus-7-lamina-bauhaus.webp'),
(3,'Rino 1',9,2,'images/products/animal-2-photo-animal-slide.webp','images/products/animals-rhino-lamina-animal.webp'),
(4,'Copernico Mapamundi',9,1,'images/products/maps-mapamundis-1-afiche-maps-slide.webp','images/products/maps-mapamundis-1-lamina-maps.webp'),
(5,'Cranes',9,2,'images/products/animals-crane-2-photo-animal-slide.webp','images/products/animals-crane-2-lamina-animal.webp'),
(6,'Cranes 2',9,2,'images/products/animals-crane-photo-animal-slide.webp','images/products/animals-crane-lamina-animal.webp'),
(7,'Peacock 2',9,2,'images/products/animals-peacock-2-photo-animal-slide.webp','images/products/animals-peacock-2-lamina-animal.webp'),
(8,'Whale Shark',9,2,'images/products/animals-whale.shark-photo-animal-slide.webp','images/products/animals-whale-shark-lamina-animal.webp'),
(9,'Monkey',9,2,'images/products/animals-monkey-photo-animal-slide.webp','images/products/animals-monkey-lamina-animal.webp'),
(10,'Elephant',9,2,'images/products/animals-elephant-photo-animal-slide.webp','images/products/animals-elephant-lamina-animal.webp'),
(11,'Fox',9,2,'images/products/animals-fox-photo-animal-slide.webp','images/products/animals-fox-lamina-animal.webp'),
(12,'Horse',9,2,'images/products/animals-horse-photo-animal-slide.webp','images/products/animals-horse-lamina-animal.webp'),
(13,'Giraffe',9,2,'images/products/animals-giraffe-photo-animal-slide.webp','images/products/animals-giraffe-lamina-animal.webp'),
(14,'Lion',9,2,'images/products/animals-lion-photo-animal-slide.webp','images/products/animals-lion-lamina-animal.webp'),
(15,'Tiger',9,2,'images/products/animals-tiger-photo-animal-slide.webp','images/products/animals-tiger-lamina-animal.webp'),
(16,'Bauhaus 1',9,1,'images/products/bauhaus-1-afiche-bauhaus-slide.webp','images/products/bauhaus-1-lamina-bauhaus.webp'),
(17,'Bauhaus 2',9,1,'images/products/bauhaus-2-afiche-bauhaus-slide.webp','images/products/bauhaus-2-lamina-bauhaus.webp'),
(18,'Bauhaus 3',9,1,'images/products/bauhaus-3-afiche-bauhaus-slide.webp','images/products/bauhaus-3-lamina-bauhaus.webp'),
(19,'Bauhaus 4',9,1,'images/products/bauhaus-4-afiche-bauhaus-slide.webp','images/products/bauhaus-4-lamina-bauhaus.webp'),
(20,'Bauhaus 5',9,1,'images/products/bauhaus-5-afiche-bauhaus-slide.webp','images/products/bauhaus-5-lamina-bauhaus.webp'),
(21,'Bauhaus 6',9,1,'images/products/bauhaus-6-afiche-bauhaus-slide.webp','images/products/bauhaus-6-lamina-bauhaus.webp'),
(22,'Architecture 1',9,1,'images/products/architecture-1-slide.webp','images/products/architecture-1.webp'),
(23,'Architecture 2',9,1,'images/products/architecture-2-slide.webp','images/products/architecture-2.webp'),
(24,'Architecture 3',9,1,'images/products/architecture-3-slide.webp','images/products/architecture-3.webp'),
(25,'Architecture 4',9,1,'images/products/architecture-4-slide.webp','images/products/architecture-4.webp'),
(26,'Architecture 5',9,1,'images/products/architecture-5-slide.webp','images/products/architecture-5.webp'),
(27,'Vintage Map 1',9,1,'images/products/maps-1-slide.webp','images/products/maps-1.webp'),
(28,'Vintage Map 2',9,1,'images/products/maps-2-slide.webp','images/products/maps-2.webp'),
(29,'Vintage Map 3',9,1,'images/products/maps-3-slide.webp','images/products/maps-3.webp'),
(30,'Vintage Map 4',9,1,'images/products/maps-4-slide.webp','images/products/maps-4.webp'),
(31,'Vintage Map 5',9,1,'images/products/maps-5-slide.webp','images/products/maps-5.webp'),
(32,'Vintage Map 6',9,1,'images/products/maps-6-slide.webp','images/products/maps-6.webp'),
(33,'Blueprint 1',9,1,'images/products/blueprint-1-slide.webp','images/products/blueprint-1.webp'),
(34,'Blueprint 2',9,1,'images/products/blueprint-2-slide.webp','images/products/blueprint-2.webp'),
(35,'Blueprint 3',9,1,'images/products/blueprint-3-slide.webp','images/products/blueprint-3.webp'),
(36,'Blueprint 4',9,1,'images/products/blueprint-4-slide.webp','images/products/blueprint-4.webp'),
(37,'Blueprint 5',9,1,'images/products/blueprint-5-slide.webp','images/products/blueprint-5.webp'),
(38,'Blueprint 6',9,1,'images/products/blueprint-6-slide.webp','images/products/blueprint-6.webp'),
(39,'Vintage Poster 1',9,1,'images/products/vintage-1-slide.webp','images/products/vintage-1.webp'),
(40,'Vintage Poster 2',9,1,'images/products/vintage-2-slide.webp','images/products/vintage-2.webp'),
(41,'Vintage Poster 3',9,1,'images/products/vintage-3-slide.webp','images/products/vintage-3.webp'),
(42,'Vintage Poster 4',9,1,'images/products/vintage-4-slide.webp','images/products/vintage-4.webp'),
(43,'Vintage Poster 5',9,1,'images/products/vintage-5-slide.webp','images/products/vintage-5.webp'),
(44,'Vintage Poster 6',9,1,'images/products/vintage-6-slide.webp','images/products/vintage-6.webp'),
(45,'Vintage Poster 7',9,1,'images/products/vintage-7-slide.webp','images/products/vintage-7.webp'),
(46,'Vintage Poster 8',9,1,'images/products/vintage-8-slide.webp','images/products/vintage-8.webp'),
(47,'Vintage Poster 9',9,1,'images/products/vintage-9-slide.webp','images/products/vintage-9.webp'),
(48,'Vintage Poster 10',9,1,'images/products/vintage-10-slide.webp','images/products/vintage-10.webp'),
(49,'Vintage Poster 11',9,1,'images/products/vintage-11-slide.webp','images/products/vintage-11.webp'),
(50,'Vintage Poster 12',9,1,'images/products/vintage-12-slide.webp','images/products/vintage-12.webp'),
(51,'Vintage Poster 13',9,1,'images/products/vintage-13-slide.webp','images/products/vintage-13.webp'),
(52,'Vintage Poster 14',9,1,'images/products/vintage-14-slide.webp','images/products/vintage-14.webp'),
(53,'Vintage Poster 15',9,1,'images/products/vintage-15-slide.webp','images/products/vintage-15.webp'),
(54,'Vintage Poster 16',9,1,'images/products/vintage-16-slide.webp','images/products/vintage-16.webp'),
(55,'Vintage Poster 17',9,1,'images/products/vintage-17-slide.webp','images/products/vintage-17.webp'),
(56,'Vintage Poster 18',9,1,'images/products/vintage-18-slide.webp','images/products/vintage-18.webp'),
(57,'Vintage Poster 19',9,1,'images/products/vintage-19-slide.webp','images/products/vintage-19.webp'),
(58,'Vintage Poster 20',9,1,'images/products/vintage-20-slide.webp','images/products/vintage-20.webp'),
(59,'Vintage Poster 21',9,1,'images/products/vintage-21-slide.webp','images/products/vintage-21.webp'),
(60,'Vintage Poster 22',9,1,'images/products/vintage-22-slide.webp','images/products/vintage-22.webp'),
(61,'Vintage Poster 23',9,1,'images/products/vintage-23-slide.webp','images/products/vintage-23.webp'),
(62,'Vintage Poster 24',9,1,'images/products/vintage-24-slide.webp','images/products/vintage-24.webp'),
(63,'Vintage Poster 25',9,1,'images/products/vintage-25-slide.webp','images/products/vintage-25.webp'),
(64,'Vintage Poster 26',9,1,'images/products/vintage-26-slide.webp','images/products/vintage-26.webp'),
(65,'Vintage Poster 27',9,1,'images/products/vintage-27-slide.webp','images/products/vintage-27.webp'),
(66,'Vintage Poster 28',9,1,'images/products/vintage-28-slide.webp','images/products/vintage-28.webp');


-- PRODUCT_THEME
INSERT INTO Product_Theme (productID,themeID) VALUES
(2,3),
(3,1),
(4,6),
(4,4),
(5,1),
(6,1),
(7,1),
(8,1),
(9,1),
(10,2),
(10,1),
(10,6),
(10,3),
(10,4),
(10,5),
(11,2),
(12,2),
(13,2),
(14,2),
(15,2),
(16,2),
(17,3),
(18,3),
(19,3),
(20,3),
(21,3),
(22,3),
(23,1),
(24,5),
(25,5),
(26,5),
(27,5),
(28,5),
(29,5),
(30,5),
(31,5),
(32,5),
(33,5),
(34,6),
(35,6),
(35,4),
(36,1),
(37,6),
(37,4),
(38,6),
(38,4),
(40,6),
(41,6),
(42,6),
(43,6),
(44,6),
(45,6),
(46,6),
(47,6),
(48,6),
(49,6),
(50,6),
(51,6),
(52,6),
(53,6),
(54,6),
(55,6),
(56,6),
(57,6),
(58,6),
(59,1),
(60,2),
(61,2),
(62,2),
(63,2),
(65,6),
(66,1),
(66,5);


-- PRODUCT_SPACE
INSERT INTO Product_Space (productID,spaceID) VALUES
(2,1),
(2,2),
(3,1),
(3,2),
(4,1),
(4,2),
(5,1),
(5,2),
(6,1),
(6,2),
(7,1),
(7,2),
(8,1),
(8,2),
(9,1),
(9,2),
(10,2),
(10,1),
(10,4),
(10,3),
(11,1),
(12,1),
(12,2),
(13,1),
(14,1),
(14,2),
(15,1),
(15,2),
(16,1),
(16,2),
(17,1),
(17,2),
(18,1),
(18,2),
(19,1),
(19,2),
(20,1),
(20,2),
(21,1),
(21,2),
(22,1),
(22,2),
(23,1),
(23,2),
(24,1),
(24,2),
(25,1),
(26,1),
(26,2),
(27,1),
(27,2),
(28,1),
(28,2),
(29,1),
(29,2),
(30,1),
(30,2),
(31,1),
(31,2),
(32,1),
(32,2),
(33,1),
(33,2),
(34,1),
(34,2),
(35,1),
(35,2),
(36,1),
(36,2),
(37,1),
(37,2),
(38,1),
(38,2),
(39,1),
(39,2),
(40,1),
(40,2),
(41,1),
(41,2),
(42,1),
(42,2),
(43,1),
(43,2),
(44,1),
(44,2),
(45,1),
(45,2),
(46,1),
(46,2),
(47,1),
(47,2),
(48,1),
(48,2),
(49,1),
(49,2),
(50,1),
(50,2),
(51,1),
(51,2),
(52,1),
(52,2),
(53,1),
(53,2),
(54,1),
(54,2),
(55,1),
(55,2),
(56,1),
(56,2),
(57,1),
(57,2),
(58,1),
(58,2),
(59,1),
(59,2),
(60,1),
(60,2),
(61,1),
(61,2),
(62,1),
(62,2),
(63,1),
(63,2),
(64,1),
(64,2),
(65,1),
(65,2),
(66,1),
(66,2);


-- CART (solo clientes)
INSERT INTO Cart (cartID,userID) VALUES
(1,4),
(2,5),
(3,6),
(4,6),
(5,7),
(6,7),
(7,9),
(8,9),
(9,11),
(10,11);


-- CART DETAIL
INSERT INTO Cart_Detail (cartID,productID,quantity) VALUES
(1,25,1),
(1,36,1),
(1,49,1),
(1,37,1),

(2,7,1),
(2,24,1),

(3,26,1),
(3,66,1),
(3,61,1),

(4,29,1),
(4,9,1),
(4,28,1),

(5,5,1),
(5,30,1),

(6,12,1),
(6,40,1),
(6,50,1),

(7,18,1),
(7,22,1),

(8,10,1),
(8,34,1),
(8,52,1),

(9,11,1),
(9,41,1),

(10,15,1),
(10,60,1),
(10,62,1);